slurm_pid,unique_sim_seed,n_agents,satisfia_share,game_probability,learn_probability,learn_param_a,learn_param_b,network_constructor,shift_most_central,base_graph,edges_barabasi,neighbours_strogatz,strogatz_probability,satisfia_trajectory
0,1,156,0.5692038748222122,0.8022650611681835,0.06310682188770933,0.11791870367106105,0.7609624449125756,<class 'network.neighbourhood.NetworkByNeighborhood'>,,complete_graph,,,,"[88. 79. 75. 68. 65. 61. 56. 53. 47. 44. 38. 36. 34. 34. 33. 30. 30. 29.
 27. 27. 25. 25. 25. 22. 22. 18. 16. 15. 15. 15. 15. 14. 13. 13. 13. 12.
 12. 11. 11. 11. 10. 10.  9.  8.  8.  7.  7.  7.  7.  7.  7.  7.  6.  6.
  6.  6.  5.  5.  4.  4.  4.  4.  4.  4.  4.  4.  4.  4.  4.  3.  3.  3.
  3.  3.  3.  3.  3.  3.  3.  3.  3.  3.  2.  2.  2.  2.  2.  2.  2.  2.
  2.  2.  2.  2.  2.  2.  2.  2.  2.  2.]"
0,2,998,0.8631093274640104,0.8490552757423473,0.09158478740507359,0.3610574739836072,0.16908361566044372,<class 'network.closeness_centrality.NetworkByCentrality'>,874,watts_strogatz_graph,,4,0.6059441656784624,"[861. 865. 867. 869. 870. 872. 880. 886. 887. 889. 892. 897. 900. 903.
 904. 909. 912. 915. 918. 922. 924. 925. 929. 929. 929. 930. 930. 933.
 935. 937. 939. 940. 941. 944. 945. 946. 946. 948. 951. 951. 952. 953.
 955. 955. 955. 955. 955. 956. 956. 956. 956. 957. 958. 958. 959. 959.
 959. 959. 959. 959. 959. 959. 960. 960. 960. 960. 960. 960. 961. 961.
 961. 961. 961. 961. 961. 962. 962. 962. 962. 962. 962. 962. 962. 962.
 962. 962. 962. 962. 962. 962. 962. 962. 963. 963. 963. 964. 964. 964.
 964. 964.]"
0,3,262,0.5926409106271656,0.13042279608514273,0.9159448117309811,0.47405353654712656,0.5808520843500559,<class 'network.closeness_centrality.NetworkByCentrality'>,6,watts_strogatz_graph,,4,0.5507846417600732,"[155. 156. 139. 140. 146. 144. 139. 134. 122. 130. 116. 116. 120. 111.
 107. 104.  97.  92.  82.  76.  64.  46.  39.  29.  29.  21.  19.  11.
  11.  10.  10.   9.   7.   6.   5.   2.   2.   1.   0.   0.   0.   0.
   0.   0.   0.   0.   0.   0.   0.   0.   0.   0.   0.   0.   0.   0.
   0.   0.   0.   0.   0.   0.   0.   0.   0.   0.   0.   0.   0.   0.
   0.   0.   0.   0.   0.   0.   0.   0.   0.   0.   0.   0.   0.   0.
   0.   0.   0.   0.   0.   0.   0.   0.   0.   0.   0.   0.   0.   0.
   0.   0.]"
0,4,260,0.30329858588551006,0.7212169050876664,0.4788783949238976,0.09010024418320572,0.019817176473073683,<class 'network.closeness_centrality.NetworkByCentrality'>,148,barabasi_albert_graph,2,,,"[79. 68. 48. 35. 27. 18. 10.  5.  2.  1.  0.  0.  0.  0.  0.  0.  0.  0.
  0.  0.  0.  0.  0.  0.  0.  0.  0.  0.  0.  0.  0.  0.  0.  0.  0.  0.
  0.  0.  0.  0.  0.  0.  0.  0.  0.  0.  0.  0.  0.  0.  0.  0.  0.  0.
  0.  0.  0.  0.  0.  0.  0.  0.  0.  0.  0.  0.  0.  0.  0.  0.  0.  0.
  0.  0.  0.  0.  0.  0.  0.  0.  0.  0.  0.  0.  0.  0.  0.  0.  0.  0.
  0.  0.  0.  0.  0.  0.  0.  0.  0.  0.]"
0,5,656,0.2554450164868458,0.35853551175589526,0.6904468457583358,0.8415109644822669,0.6520316967541351,<class 'network.closeness_centrality.NetworkByCentrality'>,29,watts_strogatz_graph,,2,0.6489745531369242,"[168. 168. 170. 166. 168. 171. 165. 163. 159. 158. 160. 158. 149. 145.
 143. 139. 137. 135. 135. 135. 136. 133. 132. 130. 128. 126. 124. 121.
 122. 125. 123. 123. 122. 122. 121. 120. 119. 116. 115. 115. 115. 114.
 113. 113. 111. 111. 110. 109. 109. 110. 110. 110. 108. 107. 107. 106.
 106. 106. 104. 104. 103. 102. 101. 100.  99.  98.  97.  96.  95.  96.
  95.  94.  94.  95.  94.  94.  93.  92.  92.  92.  92.  92.  92.  92.
  92.  92.  92.  92.  92.  92.  92.  92.  92.  92.  92.  92.  92.  92.
  92.  92.]"
0,6,832,0.5738201128091964,0.08056959126170438,0.7622168307127168,0.036822743717221273,0.14557801680876725,<class 'network.closeness_centrality.NetworkByCentrality'>,481,complete_graph,,,,"[477. 239.  59.  17.   4.   0.   0.   0.   0.   0.   0.   0.   0.   0.
   0.   0.   0.   0.   0.   0.   0.   0.   0.   0.   0.   0.   0.   0.
   0.   0.   0.   0.   0.   0.   0.   0.   0.   0.   0.   0.   0.   0.
   0.   0.   0.   0.   0.   0.   0.   0.   0.   0.   0.   0.   0.   0.
   0.   0.   0.   0.   0.   0.   0.   0.   0.   0.   0.   0.   0.   0.
   0.   0.   0.   0.   0.   0.   0.   0.   0.   0.   0.   0.   0.   0.
   0.   0.   0.   0.   0.   0.   0.   0.   0.   0.   0.   0.   0.   0.
   0.   0.]"
0,7,350,0.9478653606090632,0.3948234964231735,0.04828642362681235,0.8212742919913083,0.09413004193968255,<class 'network.closeness_centrality.NetworkByCentrality'>,29,complete_graph,,,,"[332. 332. 333. 333. 333. 333. 333. 333. 334. 336. 336. 337. 337. 338.
 339. 340. 340. 340. 340. 340. 340. 340. 341. 341. 342. 342. 343. 343.
 343. 344. 344. 346. 346. 346. 346. 346. 346. 346. 347. 347. 347. 347.
 348. 348. 348. 348. 348. 349. 349. 349. 349. 349. 349. 349. 349. 349.
 349. 349. 349. 349. 349. 349. 349. 349. 349. 349. 349. 349. 349. 349.
 349. 349. 349. 349. 349. 349. 349. 349. 349. 349. 349. 349. 349. 349.
 349. 349. 349. 349. 349. 349. 349. 349. 349. 349. 349. 349. 349. 349.
 349. 349.]"
0,8,252,0.3704118725828456,0.3753694528812982,0.1931166477860281,0.04377845738221153,0.13684301262677445,<class 'network.closeness_centrality.NetworkByCentrality'>,53,watts_strogatz_graph,,6,0.0302937288517785,"[93. 94. 90. 83. 79. 72. 68. 60. 55. 52. 45. 41. 39. 36. 32. 30. 29. 29.
 29. 29. 26. 25. 24. 24. 24. 24. 24. 23. 22. 21. 21. 20. 20. 20. 19. 18.
 16. 16. 16. 16. 15. 15. 15. 13. 13. 12. 12. 12. 12. 12. 12. 12. 11. 11.
 10.  9.  8.  8.  8.  8.  8.  8.  8.  8.  8.  8.  8.  7.  7.  6.  6.  5.
  5.  5.  5.  5.  5.  5.  5.  5.  5.  5.  5.  5.  4.  4.  3.  3.  3.  3.
  3.  2.  1.  1.  1.  1.  1.  0.  0.  0.]"
0,9,494,0.6132152331867212,0.2671344216059104,0.18614495446206514,0.6766435653450716,0.33832551168488023,<class 'network.neighbourhood.NetworkByNeighborhood'>,,complete_graph,,,,"[302. 283. 240. 195. 157. 127.  99.  83.  69.  51.  45.  39.  30.  27.
  22.  17.  15.  10.   9.   9.   9.   8.   7.   5.   2.   2.   1.   1.
   1.   1.   0.   0.   0.   0.   0.   0.   0.   0.   0.   0.   0.   0.
   0.   0.   0.   0.   0.   0.   0.   0.   0.   0.   0.   0.   0.   0.
   0.   0.   0.   0.   0.   0.   0.   0.   0.   0.   0.   0.   0.   0.
   0.   0.   0.   0.   0.   0.   0.   0.   0.   0.   0.   0.   0.   0.
   0.   0.   0.   0.   0.   0.   0.   0.   0.   0.   0.   0.   0.   0.
   0.   0.]"
0,10,604,0.032585065282054626,0.48256167455085586,0.014832446024553692,0.46258050809294915,0.4912964241474037,<class 'network.neighbourhood.NetworkByNeighborhood'>,,complete_graph,,,,"[19. 19. 19. 19. 18. 17. 17. 17. 17. 17. 17. 16. 15. 15. 15. 15. 15. 15.
 14. 14. 14. 14. 14. 14. 14. 13. 13. 13. 13. 12. 11. 11. 11. 10. 10.  9.
  9.  9.  9.  9.  9.  9.  9.  9.  9.  9.  9.  9.  9.  8.  8.  8.  8.  7.
  7.  7.  7.  7.  7.  6.  6.  6.  6.  6.  6.  6.  6.  6.  6.  6.  6.  6.
  6.  6.  6.  6.  6.  6.  6.  6.  5.  5.  5.  5.  5.  5.  5.  5.  5.  4.
  4.  4.  4.  4.  4.  4.  4.  4.  4.  4.]"
0,11,482,0.8657422852499215,0.8568630063847495,0.7812180553797637,0.45183232059956535,0.8550456359042586,<class 'network.base_class.SatisfiaMaximiserNetwork'>,,barabasi_albert_graph,5,,,"[417. 471. 479. 481. 482. 482. 482. 482. 482. 482. 482. 482. 482. 482.
 482. 482. 482. 482. 482. 482. 482. 482. 482. 482. 482. 482. 482. 482.
 482. 482. 482. 482. 482. 482. 482. 482. 482. 482. 482. 482. 482. 482.
 482. 482. 482. 482. 482. 482. 482. 482. 482. 482. 482. 482. 482. 482.
 482. 482. 482. 482. 482. 482. 482. 482. 482. 482. 482. 482. 482. 482.
 482. 482. 482. 482. 482. 482. 482. 482. 482. 482. 482. 482. 482. 482.
 482. 482. 482. 482. 482. 482. 482. 482. 482. 482. 482. 482. 482. 482.
 482. 482.]"
0,12,504,0.2689949546566046,0.529130776721317,0.3497853736773159,0.38164102294192037,0.9966222299244589,<class 'network.neighbourhood.NetworkByNeighborhood'>,,watts_strogatz_graph,,6,0.8103480522350838,"[128.  99.  70.  51.  38.  27.  20.  15.   8.   6.   4.   3.   2.   1.
   0.   0.   0.   0.   0.   0.   0.   0.   0.   0.   0.   0.   0.   0.
   0.   0.   0.   0.   0.   0.   0.   0.   0.   0.   0.   0.   0.   0.
   0.   0.   0.   0.   0.   0.   0.   0.   0.   0.   0.   0.   0.   0.
   0.   0.   0.   0.   0.   0.   0.   0.   0.   0.   0.   0.   0.   0.
   0.   0.   0.   0.   0.   0.   0.   0.   0.   0.   0.   0.   0.   0.
   0.   0.   0.   0.   0.   0.   0.   0.   0.   0.   0.   0.   0.   0.
   0.   0.]"
0,13,284,0.29075769100530435,0.9095401367849254,0.8020046565632235,0.8899977593550397,0.6520097272884742,<class 'network.closeness_centrality.NetworkByCentrality'>,75,barabasi_albert_graph,6,,,"[83. 15.  4.  0.  0.  0.  0.  0.  0.  0.  0.  0.  0.  0.  0.  0.  0.  0.
  0.  0.  0.  0.  0.  0.  0.  0.  0.  0.  0.  0.  0.  0.  0.  0.  0.  0.
  0.  0.  0.  0.  0.  0.  0.  0.  0.  0.  0.  0.  0.  0.  0.  0.  0.  0.
  0.  0.  0.  0.  0.  0.  0.  0.  0.  0.  0.  0.  0.  0.  0.  0.  0.  0.
  0.  0.  0.  0.  0.  0.  0.  0.  0.  0.  0.  0.  0.  0.  0.  0.  0.  0.
  0.  0.  0.  0.  0.  0.  0.  0.  0.  0.]"
0,14,128,0.6158785797848219,0.7552052561345847,0.5271119023885755,0.24693525039490472,0.7351318318827116,<class 'network.neighbourhood.NetworkByNeighborhood'>,,complete_graph,,,,"[78. 44. 19.  8.  3.  2.  2.  2.  1.  1.  0.  0.  0.  0.  0.  0.  0.  0.
  0.  0.  0.  0.  0.  0.  0.  0.  0.  0.  0.  0.  0.  0.  0.  0.  0.  0.
  0.  0.  0.  0.  0.  0.  0.  0.  0.  0.  0.  0.  0.  0.  0.  0.  0.  0.
  0.  0.  0.  0.  0.  0.  0.  0.  0.  0.  0.  0.  0.  0.  0.  0.  0.  0.
  0.  0.  0.  0.  0.  0.  0.  0.  0.  0.  0.  0.  0.  0.  0.  0.  0.  0.
  0.  0.  0.  0.  0.  0.  0.  0.  0.  0.]"
0,15,232,0.011654693792141124,0.7359916197968754,0.15801272476474815,0.9863394516628233,0.016880654207976242,<class 'network.closeness_centrality.NetworkByCentrality'>,37,complete_graph,,,,"[3. 1. 0. 0. 0. 0. 0. 0. 0. 0. 0. 0. 0. 0. 0. 0. 0. 0. 0. 0. 0. 0. 0. 0.
 0. 0. 0. 0. 0. 0. 0. 0. 0. 0. 0. 0. 0. 0. 0. 0. 0. 0. 0. 0. 0. 0. 0. 0.
 0. 0. 0. 0. 0. 0. 0. 0. 0. 0. 0. 0. 0. 0. 0. 0. 0. 0. 0. 0. 0. 0. 0. 0.
 0. 0. 0. 0. 0. 0. 0. 0. 0. 0. 0. 0. 0. 0. 0. 0. 0. 0. 0. 0. 0. 0. 0. 0.
 0. 0. 0. 0.]"
0,16,390,0.46922257155538094,0.28493343604320753,0.2266446832325999,0.0058535889500060945,0.8541366283424632,<class 'network.closeness_centrality.NetworkByCentrality'>,132,barabasi_albert_graph,6,,,"[183. 158. 131. 109.  83.  66.  51.  38.  31.  24.  20.  15.  11.  10.
   7.   6.   4.   4.   3.   2.   1.   1.   1.   1.   0.   0.   0.   0.
   0.   0.   0.   0.   0.   0.   0.   0.   0.   0.   0.   0.   0.   0.
   0.   0.   0.   0.   0.   0.   0.   0.   0.   0.   0.   0.   0.   0.
   0.   0.   0.   0.   0.   0.   0.   0.   0.   0.   0.   0.   0.   0.
   0.   0.   0.   0.   0.   0.   0.   0.   0.   0.   0.   0.   0.   0.
   0.   0.   0.   0.   0.   0.   0.   0.   0.   0.   0.   0.   0.   0.
   0.   0.]"
0,17,554,0.41416798387982523,0.3034235012568144,0.36562347627897096,0.17468829278727938,0.7051425405161073,<class 'network.closeness_centrality.NetworkByCentrality'>,284,barabasi_albert_graph,1,,,"[229. 217. 212. 197. 187. 185. 174. 169. 156. 142. 127. 113. 105.  94.
  89.  84.  77.  71.  68.  67.  63.  59.  55.  51.  45.  42.  40.  38.
  37.  36.  34.  34.  33.  32.  32.  30.  30.  30.  28.  28.  26.  25.
  25.  25.  25.  25.  25.  25.  24.  23.  23.  23.  23.  23.  22.  22.
  21.  21.  19.  19.  18.  17.  15.  15.  15.  15.  15.  15.  14.  13.
  13.  13.  13.  13.  13.  13.  13.  13.  13.  13.  13.  13.  13.  13.
  13.  13.  13.  13.  13.  13.  13.  13.  13.  12.  12.  12.  12.  12.
  12.  12.]"
0,18,204,0.12281547979586227,0.4488255257499195,0.23949626235618882,0.9519128463381181,0.6281877569409808,<class 'network.base_class.SatisfiaMaximiserNetwork'>,,watts_strogatz_graph,,4,0.4583311147008101,"[25. 19. 14. 11. 11. 10.  9.  5.  4.  3.  3.  3.  2.  2.  2.  1.  0.  0.
  0.  0.  0.  0.  0.  0.  0.  0.  0.  0.  0.  0.  0.  0.  0.  0.  0.  0.
  0.  0.  0.  0.  0.  0.  0.  0.  0.  0.  0.  0.  0.  0.  0.  0.  0.  0.
  0.  0.  0.  0.  0.  0.  0.  0.  0.  0.  0.  0.  0.  0.  0.  0.  0.  0.
  0.  0.  0.  0.  0.  0.  0.  0.  0.  0.  0.  0.  0.  0.  0.  0.  0.  0.
  0.  0.  0.  0.  0.  0.  0.  0.  0.  0.]"
0,19,712,0.04325380761110298,0.8954109886323374,0.12068844222643749,0.1994973226900001,0.34716884044421414,<class 'network.closeness_centrality.NetworkByCentrality'>,296,complete_graph,,,,"[31. 27. 21. 19. 19. 19. 16. 16. 13. 11.  6.  5.  5.  5.  4.  4.  4.  2.
  1.  0.  0.  0.  0.  0.  0.  0.  0.  0.  0.  0.  0.  0.  0.  0.  0.  0.
  0.  0.  0.  0.  0.  0.  0.  0.  0.  0.  0.  0.  0.  0.  0.  0.  0.  0.
  0.  0.  0.  0.  0.  0.  0.  0.  0.  0.  0.  0.  0.  0.  0.  0.  0.  0.
  0.  0.  0.  0.  0.  0.  0.  0.  0.  0.  0.  0.  0.  0.  0.  0.  0.  0.
  0.  0.  0.  0.  0.  0.  0.  0.  0.  0.]"
0,20,946,0.7227999023069005,0.7866792661436591,0.8799636580393928,0.1512052808689135,0.6740097897926409,<class 'network.base_class.SatisfiaMaximiserNetwork'>,,watts_strogatz_graph,,6,0.90543002016379,"[684. 738. 798. 838. 861. 869. 875. 882. 890. 895. 898. 901. 902. 904.
 905. 907. 910. 914. 917. 923. 929. 934. 938. 941. 945. 946. 946. 946.
 946. 946. 946. 946. 946. 946. 946. 946. 946. 946. 946. 946. 946. 946.
 946. 946. 946. 946. 946. 946. 946. 946. 946. 946. 946. 946. 946. 946.
 946. 946. 946. 946. 946. 946. 946. 946. 946. 946. 946. 946. 946. 946.
 946. 946. 946. 946. 946. 946. 946. 946. 946. 946. 946. 946. 946. 946.
 946. 946. 946. 946. 946. 946. 946. 946. 946. 946. 946. 946. 946. 946.
 946. 946.]"
0,21,188,0.4179936549795189,0.41803008046001144,0.28125700711533774,0.8432785884739037,0.9897212370681268,<class 'network.neighbourhood.NetworkByNeighborhood'>,,complete_graph,,,,"[78. 55. 45. 33. 24. 15.  8.  7.  5.  5.  4.  4.  4.  4.  4.  3.  3.  3.
  3.  2.  2.  2.  1.  0.  0.  0.  0.  0.  0.  0.  0.  0.  0.  0.  0.  0.
  0.  0.  0.  0.  0.  0.  0.  0.  0.  0.  0.  0.  0.  0.  0.  0.  0.  0.
  0.  0.  0.  0.  0.  0.  0.  0.  0.  0.  0.  0.  0.  0.  0.  0.  0.  0.
  0.  0.  0.  0.  0.  0.  0.  0.  0.  0.  0.  0.  0.  0.  0.  0.  0.  0.
  0.  0.  0.  0.  0.  0.  0.  0.  0.  0.]"
0,22,1000,0.9073634158102317,0.24261705594968896,0.6130868717926043,0.4471334456224265,0.7019539111896758,<class 'network.closeness_centrality.NetworkByCentrality'>,667,watts_strogatz_graph,,2,0.23174148998607602,"[907. 908. 905. 902. 896. 895. 895. 893. 889. 885. 880. 885. 885. 881.
 874. 877. 872. 871. 872. 874. 876. 872. 871. 869. 868. 864. 864. 861.
 859. 858. 851. 847. 843. 840. 843. 839. 835. 832. 830. 830. 828. 827.
 828. 829. 829. 828. 830. 831. 830. 831. 829. 826. 826. 826. 822. 820.
 820. 819. 818. 818. 821. 820. 818. 818. 817. 815. 814. 813. 813. 814.
 814. 813. 813. 813. 812. 811. 812. 810. 810. 810. 809. 809. 809. 809.
 809. 808. 808. 809. 807. 806. 806. 805. 803. 803. 803. 801. 800. 799.
 798. 796.]"
0,23,966,0.7793826904043986,0.2899166486593584,0.8296426391866109,0.017076601028645166,0.30674391555597935,<class 'network.neighbourhood.NetworkByNeighborhood'>,,complete_graph,,,,"[752. 930. 961. 966. 966. 966. 966. 966. 966. 966. 966. 966. 966. 966.
 966. 966. 966. 966. 966. 966. 966. 966. 966. 966. 966. 966. 966. 966.
 966. 966. 966. 966. 966. 966. 966. 966. 966. 966. 966. 966. 966. 966.
 966. 966. 966. 966. 966. 966. 966. 966. 966. 966. 966. 966. 966. 966.
 966. 966. 966. 966. 966. 966. 966. 966. 966. 966. 966. 966. 966. 966.
 966. 966. 966. 966. 966. 966. 966. 966. 966. 966. 966. 966. 966. 966.
 966. 966. 966. 966. 966. 966. 966. 966. 966. 966. 966. 966. 966. 966.
 966. 966.]"
0,24,748,0.3828606668099741,0.5827787383093825,0.2182681858411627,0.16732962574135868,0.16937372588281874,<class 'network.closeness_centrality.NetworkByCentrality'>,93,complete_graph,,,,"[286. 220. 174. 134. 119.  98.  76.  56.  45.  32.  24.  19.  17.  15.
  13.   9.   5.   4.   3.   3.   2.   2.   1.   1.   0.   0.   0.   0.
   0.   0.   0.   0.   0.   0.   0.   0.   0.   0.   0.   0.   0.   0.
   0.   0.   0.   0.   0.   0.   0.   0.   0.   0.   0.   0.   0.   0.
   0.   0.   0.   0.   0.   0.   0.   0.   0.   0.   0.   0.   0.   0.
   0.   0.   0.   0.   0.   0.   0.   0.   0.   0.   0.   0.   0.   0.
   0.   0.   0.   0.   0.   0.   0.   0.   0.   0.   0.   0.   0.   0.
   0.   0.]"
0,25,406,0.7684865811972953,0.8435372177023197,0.015338243648750804,0.9309739460923382,0.304751616988046,<class 'network.neighbourhood.NetworkByNeighborhood'>,,barabasi_albert_graph,3,,,"[202. 203. 203. 205. 206. 208. 209. 210. 211. 213. 216. 217. 219. 220.
 221. 224. 224. 227. 228. 228. 229. 230. 231. 232. 233. 233. 233. 234.
 237. 239. 240. 243. 245. 246. 251. 252. 254. 255. 255. 255. 259. 259.
 260. 260. 262. 264. 266. 267. 269. 271. 274. 276. 276. 277. 278. 278.
 278. 279. 280. 281. 283. 284. 286. 287. 290. 290. 290. 290. 291. 292.
 292. 294. 294. 296. 296. 297. 298. 300. 300. 302. 304. 305. 306. 306.
 308. 308. 308. 309. 309. 310. 310. 313. 313. 314. 314. 314. 314. 314.
 316. 317.]"
0,26,784,0.9067322626915024,0.6594873160508175,0.43245786130992414,0.5440143798050082,0.1278724579239532,<class 'network.neighbourhood.NetworkByNeighborhood'>,,barabasi_albert_graph,6,,,"[436. 495. 556. 622. 688. 725. 752. 764. 770. 780. 782. 783. 783. 783.
 783. 783. 784. 784. 784. 784. 784. 784. 784. 784. 784. 784. 784. 784.
 784. 784. 784. 784. 784. 784. 784. 784. 784. 784. 784. 784. 784. 784.
 784. 784. 784. 784. 784. 784. 784. 784. 784. 784. 784. 784. 784. 784.
 784. 784. 784. 784. 784. 784. 784. 784. 784. 784. 784. 784. 784. 784.
 784. 784. 784. 784. 784. 784. 784. 784. 784. 784. 784. 784. 784. 784.
 784. 784. 784. 784. 784. 784. 784. 784. 784. 784. 784. 784. 784. 784.
 784. 784.]"
0,27,684,0.4798819102448936,0.27721846071665734,0.28597583768072055,0.0739490245682689,0.2544047893900977,<class 'network.closeness_centrality.NetworkByCentrality'>,341,watts_strogatz_graph,,4,0.8341518254195587,"[328. 322. 319. 308. 283. 272. 244. 229. 218. 190. 179. 157. 144. 129.
 102.  88.  73.  62.  54.  48.  41.  32.  28.  25.  22.  20.  18.  16.
  11.  11.  11.   8.   7.   7.   5.   5.   4.   3.   0.   0.   0.   0.
   0.   0.   0.   0.   0.   0.   0.   0.   0.   0.   0.   0.   0.   0.
   0.   0.   0.   0.   0.   0.   0.   0.   0.   0.   0.   0.   0.   0.
   0.   0.   0.   0.   0.   0.   0.   0.   0.   0.   0.   0.   0.   0.
   0.   0.   0.   0.   0.   0.   0.   0.   0.   0.   0.   0.   0.   0.
   0.   0.]"
0,28,134,0.7423539692972017,0.5456555157695776,0.7120917378220366,0.22640660503876742,0.6379343678362559,<class 'network.neighbourhood.NetworkByNeighborhood'>,,barabasi_albert_graph,2,,,"[ 78.  93. 104. 113. 121. 124. 126. 127. 127. 127. 127. 127. 127. 127.
 127. 127. 127. 127. 127. 127. 127. 127. 127. 127. 127. 127. 127. 127.
 127. 127. 127. 127. 127. 127. 127. 127. 127. 127. 127. 127. 127. 127.
 127. 127. 127. 127. 127. 127. 127. 127. 127. 127. 127. 127. 127. 127.
 127. 127. 127. 127. 127. 127. 127. 127. 127. 127. 127. 127. 127. 127.
 127. 127. 127. 127. 127. 127. 127. 127. 127. 127. 127. 127. 127. 127.
 127. 127. 127. 127. 127. 127. 127. 127. 127. 127. 127. 127. 127. 127.
 127. 127.]"
0,29,580,0.07611600567275145,0.5985311109189024,0.605739536051433,0.08673193685967484,0.9272606025920381,<class 'network.neighbourhood.NetworkByNeighborhood'>,,watts_strogatz_graph,,2,0.9738587963010673,"[44. 44. 46. 46. 46. 46. 46. 47. 47. 47. 47. 47. 47. 47. 47. 47. 47. 47.
 47. 47. 47. 47. 46. 46. 46. 46. 46. 46. 46. 46. 46. 46. 46. 46. 46. 46.
 46. 46. 46. 46. 46. 46. 46. 46. 46. 46. 46. 46. 46. 46. 46. 46. 46. 46.
 46. 46. 46. 46. 46. 46. 46. 46. 46. 46. 46. 46. 46. 46. 46. 46. 46. 46.
 46. 46. 46. 46. 46. 46. 46. 46. 46. 46. 46. 46. 46. 46. 46. 46. 46. 46.
 46. 46. 46. 46. 46. 46. 46. 46. 46. 46.]"
0,30,572,0.8080771139949294,0.6110033395144112,0.6218760509314816,0.8270536527783325,0.9769286308979762,<class 'network.base_class.SatisfiaMaximiserNetwork'>,,watts_strogatz_graph,,4,0.6415781537746728,"[462. 490. 510. 527. 536. 537. 539. 541. 542. 543. 544. 546. 547. 547.
 547. 547. 548. 548. 548. 548. 548. 548. 549. 549. 549. 549. 549. 549.
 548. 548. 548. 548. 548. 548. 548. 548. 548. 548. 548. 548. 548. 548.
 548. 548. 548. 548. 548. 548. 548. 548. 548. 548. 548. 548. 548. 548.
 548. 548. 548. 548. 548. 548. 548. 548. 548. 548. 548. 548. 548. 548.
 548. 548. 548. 548. 548. 548. 548. 548. 548. 548. 548. 548. 548. 548.
 548. 548. 548. 548. 548. 548. 548. 548. 548. 548. 548. 548. 548. 548.
 548. 548.]"
0,31,32,0.46957818502484894,0.7639768748941821,0.14085523548621137,0.04326821221926003,0.9502674871120121,<class 'network.closeness_centrality.NetworkByCentrality'>,14,complete_graph,,,,"[15. 14. 13. 11.  9.  8.  7.  6.  5.  5.  5.  4.  4.  4.  4.  1.  0.  0.
  0.  0.  0.  0.  0.  0.  0.  0.  0.  0.  0.  0.  0.  0.  0.  0.  0.  0.
  0.  0.  0.  0.  0.  0.  0.  0.  0.  0.  0.  0.  0.  0.  0.  0.  0.  0.
  0.  0.  0.  0.  0.  0.  0.  0.  0.  0.  0.  0.  0.  0.  0.  0.  0.  0.
  0.  0.  0.  0.  0.  0.  0.  0.  0.  0.  0.  0.  0.  0.  0.  0.  0.  0.
  0.  0.  0.  0.  0.  0.  0.  0.  0.  0.]"
0,32,98,0.9264975653113185,0.14464506732768068,0.6983539678172296,0.23779496175238857,0.024321591259841346,<class 'network.base_class.SatisfiaMaximiserNetwork'>,,barabasi_albert_graph,3,,,"[91. 82. 66. 65. 60. 48. 50. 59. 58. 52. 52. 43. 49. 53. 51. 53. 53. 56.
 61. 56. 65. 71. 73. 74. 64. 57. 47. 33. 42. 38. 35. 30. 33. 26. 23. 30.
 28. 20. 24. 21. 27. 28. 17. 18. 11.  6.  6.  3.  4.  4.  5.  4.  6.  4.
  2.  1.  0.  0.  0.  0.  0.  0.  0.  0.  0.  0.  0.  0.  0.  0.  0.  0.
  0.  0.  0.  0.  0.  0.  0.  0.  0.  0.  0.  0.  0.  0.  0.  0.  0.  0.
  0.  0.  0.  0.  0.  0.  0.  0.  0.  0.]"
0,33,604,0.16725375229293848,0.23321770740303283,0.840763325074992,0.4789671052385863,0.8802640057415586,<class 'network.closeness_centrality.NetworkByCentrality'>,540,barabasi_albert_graph,6,,,"[101. 137. 121.  60.  22.   7.   1.   0.   0.   0.   0.   0.   0.   0.
   0.   0.   0.   0.   0.   0.   0.   0.   0.   0.   0.   0.   0.   0.
   0.   0.   0.   0.   0.   0.   0.   0.   0.   0.   0.   0.   0.   0.
   0.   0.   0.   0.   0.   0.   0.   0.   0.   0.   0.   0.   0.   0.
   0.   0.   0.   0.   0.   0.   0.   0.   0.   0.   0.   0.   0.   0.
   0.   0.   0.   0.   0.   0.   0.   0.   0.   0.   0.   0.   0.   0.
   0.   0.   0.   0.   0.   0.   0.   0.   0.   0.   0.   0.   0.   0.
   0.   0.]"
0,34,560,0.35707210440745096,0.027672453547464282,0.22931224032226682,0.029908738152582326,0.389055396353422,<class 'network.base_class.SatisfiaMaximiserNetwork'>,,watts_strogatz_graph,,4,0.34113390814164946,"[200. 212. 219. 221. 211. 202. 205. 205. 211. 213. 210. 206. 199. 193.
 190. 185. 184. 174. 170. 159. 159. 159. 153. 144. 144. 137. 133. 129.
 114. 109.  96.  87.  79.  76.  70.  67.  61.  51.  42.  39.  39.  36.
  31.  28.  24.  21.  22.  18.  14.  10.  10.   9.   9.  10.  11.  12.
  13.  13.  13.  12.  11.   7.   6.   3.   3.   3.   2.   3.   3.   3.
   2.   1.   1.   0.   0.   0.   0.   0.   0.   0.   0.   0.   0.   0.
   0.   0.   0.   0.   0.   0.   0.   0.   0.   0.   0.   0.   0.   0.
   0.   0.]"
0,35,580,0.33536980115280257,0.13172545840819716,0.3404678543287897,0.15404871319164926,0.4317254570541714,<class 'network.neighbourhood.NetworkByNeighborhood'>,,complete_graph,,,,"[194. 121.  82.  53.  36.  26.  15.  10.   8.   2.   1.   0.   0.   0.
   0.   0.   0.   0.   0.   0.   0.   0.   0.   0.   0.   0.   0.   0.
   0.   0.   0.   0.   0.   0.   0.   0.   0.   0.   0.   0.   0.   0.
   0.   0.   0.   0.   0.   0.   0.   0.   0.   0.   0.   0.   0.   0.
   0.   0.   0.   0.   0.   0.   0.   0.   0.   0.   0.   0.   0.   0.
   0.   0.   0.   0.   0.   0.   0.   0.   0.   0.   0.   0.   0.   0.
   0.   0.   0.   0.   0.   0.   0.   0.   0.   0.   0.   0.   0.   0.
   0.   0.]"
0,36,356,0.05836976307044861,0.020849585229512524,0.8013687798256012,0.9093863277875306,0.28447890188594627,<class 'network.base_class.SatisfiaMaximiserNetwork'>,,barabasi_albert_graph,5,,,"[21. 44. 65. 78. 84. 82. 50. 30. 18.  8.  5.  1.  1.  0.  0.  0.  0.  0.
  0.  0.  0.  0.  0.  0.  0.  0.  0.  0.  0.  0.  0.  0.  0.  0.  0.  0.
  0.  0.  0.  0.  0.  0.  0.  0.  0.  0.  0.  0.  0.  0.  0.  0.  0.  0.
  0.  0.  0.  0.  0.  0.  0.  0.  0.  0.  0.  0.  0.  0.  0.  0.  0.  0.
  0.  0.  0.  0.  0.  0.  0.  0.  0.  0.  0.  0.  0.  0.  0.  0.  0.  0.
  0.  0.  0.  0.  0.  0.  0.  0.  0.  0.]"
0,37,718,0.6077567420274212,0.9353135125176336,0.6654328170561783,0.7468062105368843,0.6344271415100822,<class 'network.base_class.SatisfiaMaximiserNetwork'>,,complete_graph,,,,"[436. 145.  47.  16.   5.   1.   0.   0.   0.   0.   0.   0.   0.   0.
   0.   0.   0.   0.   0.   0.   0.   0.   0.   0.   0.   0.   0.   0.
   0.   0.   0.   0.   0.   0.   0.   0.   0.   0.   0.   0.   0.   0.
   0.   0.   0.   0.   0.   0.   0.   0.   0.   0.   0.   0.   0.   0.
   0.   0.   0.   0.   0.   0.   0.   0.   0.   0.   0.   0.   0.   0.
   0.   0.   0.   0.   0.   0.   0.   0.   0.   0.   0.   0.   0.   0.
   0.   0.   0.   0.   0.   0.   0.   0.   0.   0.   0.   0.   0.   0.
   0.   0.]"
0,38,674,0.42112700215742715,0.7545084336720319,0.10156658341162994,0.3663974903364696,0.4633455602447073,<class 'network.base_class.SatisfiaMaximiserNetwork'>,,complete_graph,,,,"[284. 259. 222. 196. 177. 158. 144. 132. 120. 108.  95.  87.  81.  73.
  63.  59.  56.  49.  46.  42.  41.  38.  36.  30.  27.  24.  22.  21.
  18.  17.  13.  10.   9.   9.   8.   6.   6.   5.   5.   5.   5.   4.
   3.   3.   3.   3.   3.   3.   3.   3.   3.   3.   3.   3.   3.   3.
   3.   3.   3.   3.   3.   3.   3.   3.   2.   2.   2.   2.   2.   1.
   1.   1.   1.   1.   1.   1.   1.   1.   1.   1.   1.   1.   1.   1.
   1.   1.   0.   0.   0.   0.   0.   0.   0.   0.   0.   0.   0.   0.
   0.   0.]"
0,39,234,0.25966376353351706,0.025939324461373037,0.22054081704915063,0.7288270560106693,0.00532548610725081,<class 'network.neighbourhood.NetworkByNeighborhood'>,,complete_graph,,,,"[60. 64. 66. 68. 72. 76. 75. 70. 64. 67. 63. 65. 63. 64. 59. 62. 56. 58.
 60. 58. 55. 55. 44. 37. 29. 26. 22. 18. 19. 16. 17. 15. 14. 13. 13. 12.
 12. 10.  8.  8.  6.  6.  5.  6.  7.  5.  4.  2.  2.  3.  4.  2.  2.  0.
  0.  0.  0.  0.  0.  0.  0.  0.  0.  0.  0.  0.  0.  0.  0.  0.  0.  0.
  0.  0.  0.  0.  0.  0.  0.  0.  0.  0.  0.  0.  0.  0.  0.  0.  0.  0.
  0.  0.  0.  0.  0.  0.  0.  0.  0.  0.]"
0,40,488,0.5794876581271581,0.5239726307380682,0.24529015483279626,0.6645579931273398,0.6370978777432347,<class 'network.base_class.SatisfiaMaximiserNetwork'>,,barabasi_albert_graph,3,,,"[283. 232. 189. 155. 121. 105.  85.  68.  51.  42.  32.  25.  18.  18.
  13.   7.   4.   1.   1.   1.   1.   1.   1.   0.   0.   0.   0.   0.
   0.   0.   0.   0.   0.   0.   0.   0.   0.   0.   0.   0.   0.   0.
   0.   0.   0.   0.   0.   0.   0.   0.   0.   0.   0.   0.   0.   0.
   0.   0.   0.   0.   0.   0.   0.   0.   0.   0.   0.   0.   0.   0.
   0.   0.   0.   0.   0.   0.   0.   0.   0.   0.   0.   0.   0.   0.
   0.   0.   0.   0.   0.   0.   0.   0.   0.   0.   0.   0.   0.   0.
   0.   0.]"
0,41,410,0.33222478054999693,0.9926006880852335,0.902005597307037,0.38562973274245127,0.8964123553792585,<class 'network.neighbourhood.NetworkByNeighborhood'>,,complete_graph,,,,"[136.  13.   0.   0.   0.   0.   0.   0.   0.   0.   0.   0.   0.   0.
   0.   0.   0.   0.   0.   0.   0.   0.   0.   0.   0.   0.   0.   0.
   0.   0.   0.   0.   0.   0.   0.   0.   0.   0.   0.   0.   0.   0.
   0.   0.   0.   0.   0.   0.   0.   0.   0.   0.   0.   0.   0.   0.
   0.   0.   0.   0.   0.   0.   0.   0.   0.   0.   0.   0.   0.   0.
   0.   0.   0.   0.   0.   0.   0.   0.   0.   0.   0.   0.   0.   0.
   0.   0.   0.   0.   0.   0.   0.   0.   0.   0.   0.   0.   0.   0.
   0.   0.]"
0,42,674,0.11133106816568039,0.7415504997598329,0.24489185380347622,0.1395379285251439,0.1024951761715075,<class 'network.closeness_centrality.NetworkByCentrality'>,558,barabasi_albert_graph,5,,,"[75. 53. 37. 28. 23. 19. 14. 14. 12. 10.  9.  7.  6.  5.  5.  3.  3.  1.
  0.  0.  0.  0.  0.  0.  0.  0.  0.  0.  0.  0.  0.  0.  0.  0.  0.  0.
  0.  0.  0.  0.  0.  0.  0.  0.  0.  0.  0.  0.  0.  0.  0.  0.  0.  0.
  0.  0.  0.  0.  0.  0.  0.  0.  0.  0.  0.  0.  0.  0.  0.  0.  0.  0.
  0.  0.  0.  0.  0.  0.  0.  0.  0.  0.  0.  0.  0.  0.  0.  0.  0.  0.
  0.  0.  0.  0.  0.  0.  0.  0.  0.  0.]"
0,43,58,0.28608418029713867,0.7626841973061353,0.9594063495288212,0.3698771720502284,0.6984386279653853,<class 'network.base_class.SatisfiaMaximiserNetwork'>,,watts_strogatz_graph,,6,0.4982722297980512,"[17.  4.  1.  0.  0.  0.  0.  0.  0.  0.  0.  0.  0.  0.  0.  0.  0.  0.
  0.  0.  0.  0.  0.  0.  0.  0.  0.  0.  0.  0.  0.  0.  0.  0.  0.  0.
  0.  0.  0.  0.  0.  0.  0.  0.  0.  0.  0.  0.  0.  0.  0.  0.  0.  0.
  0.  0.  0.  0.  0.  0.  0.  0.  0.  0.  0.  0.  0.  0.  0.  0.  0.  0.
  0.  0.  0.  0.  0.  0.  0.  0.  0.  0.  0.  0.  0.  0.  0.  0.  0.  0.
  0.  0.  0.  0.  0.  0.  0.  0.  0.  0.]"
0,44,438,0.5200204889623224,0.7016142223927126,0.11665541065235163,0.3795688616123759,0.2895680966160986,<class 'network.base_class.SatisfiaMaximiserNetwork'>,,barabasi_albert_graph,5,,,"[228. 213. 201. 182. 159. 148. 131. 119. 110.  98.  85.  72.  59.  45.
  41.  36.  29.  26.  24.  22.  22.  20.  14.  13.  13.  13.  12.  11.
   8.   7.   7.   7.   7.   7.   7.   6.   4.   4.   2.   2.   2.   1.
   1.   1.   1.   1.   1.   1.   1.   1.   1.   1.   0.   0.   0.   0.
   0.   0.   0.   0.   0.   0.   0.   0.   0.   0.   0.   0.   0.   0.
   0.   0.   0.   0.   0.   0.   0.   0.   0.   0.   0.   0.   0.   0.
   0.   0.   0.   0.   0.   0.   0.   0.   0.   0.   0.   0.   0.   0.
   0.   0.]"
0,45,298,0.4176911897065356,0.2576606205245803,0.3031921113933137,0.021593161466223032,0.4842559174525467,<class 'network.base_class.SatisfiaMaximiserNetwork'>,,watts_strogatz_graph,,2,0.9563359790372715,"[124. 116. 114. 110.  95.  90.  88.  84.  78.  74.  69.  65.  59.  57.
  54.  51.  44.  42.  40.  39.  39.  39.  38.  38.  38.  38.  37.  35.
  34.  34.  34.  34.  34.  32.  32.  31.  28.  27.  27.  27.  26.  26.
  25.  25.  24.  24.  24.  24.  24.  24.  23.  23.  23.  23.  23.  23.
  23.  23.  23.  23.  23.  23.  22.  22.  22.  22.  22.  21.  20.  19.
  19.  19.  19.  19.  19.  19.  19.  19.  19.  19.  19.  19.  19.  19.
  19.  19.  19.  19.  19.  19.  19.  19.  19.  19.  19.  19.  19.  19.
  19.  19.]"
0,46,928,0.07638325840230575,0.03996171495780476,0.5869021777792771,0.8875871541242242,0.634526666370908,<class 'network.base_class.SatisfiaMaximiserNetwork'>,,complete_graph,,,,"[71. 35. 15.  4.  1.  0.  0.  0.  0.  0.  0.  0.  0.  0.  0.  0.  0.  0.
  0.  0.  0.  0.  0.  0.  0.  0.  0.  0.  0.  0.  0.  0.  0.  0.  0.  0.
  0.  0.  0.  0.  0.  0.  0.  0.  0.  0.  0.  0.  0.  0.  0.  0.  0.  0.
  0.  0.  0.  0.  0.  0.  0.  0.  0.  0.  0.  0.  0.  0.  0.  0.  0.  0.
  0.  0.  0.  0.  0.  0.  0.  0.  0.  0.  0.  0.  0.  0.  0.  0.  0.  0.
  0.  0.  0.  0.  0.  0.  0.  0.  0.  0.]"
0,47,380,0.06252517871697427,0.553640078408054,0.5707905765136312,0.2574278750452724,0.38655706787418864,<class 'network.closeness_centrality.NetworkByCentrality'>,20,watts_strogatz_graph,,6,0.023659862260269615,"[24. 26. 24. 17. 13.  7.  7.  3.  3.  2.  2.  0.  0.  0.  0.  0.  0.  0.
  0.  0.  0.  0.  0.  0.  0.  0.  0.  0.  0.  0.  0.  0.  0.  0.  0.  0.
  0.  0.  0.  0.  0.  0.  0.  0.  0.  0.  0.  0.  0.  0.  0.  0.  0.  0.
  0.  0.  0.  0.  0.  0.  0.  0.  0.  0.  0.  0.  0.  0.  0.  0.  0.  0.
  0.  0.  0.  0.  0.  0.  0.  0.  0.  0.  0.  0.  0.  0.  0.  0.  0.  0.
  0.  0.  0.  0.  0.  0.  0.  0.  0.  0.]"
0,48,580,0.31545361229696467,0.5569052451219174,0.5347886108029637,0.7931621740633642,0.5053125783258553,<class 'network.closeness_centrality.NetworkByCentrality'>,446,barabasi_albert_graph,2,,,"[183. 206. 204. 186. 169. 157. 113.  90.  70.  43.  21.  10.   6.   4.
   3.   1.   1.   1.   0.   0.   0.   0.   0.   0.   0.   0.   0.   0.
   0.   0.   0.   0.   0.   0.   0.   0.   0.   0.   0.   0.   0.   0.
   0.   0.   0.   0.   0.   0.   0.   0.   0.   0.   0.   0.   0.   0.
   0.   0.   0.   0.   0.   0.   0.   0.   0.   0.   0.   0.   0.   0.
   0.   0.   0.   0.   0.   0.   0.   0.   0.   0.   0.   0.   0.   0.
   0.   0.   0.   0.   0.   0.   0.   0.   0.   0.   0.   0.   0.   0.
   0.   0.]"
0,49,88,0.344329889217338,0.9333220430501158,0.3234952148207385,0.5543553047722958,0.8077403608685284,<class 'network.closeness_centrality.NetworkByCentrality'>,5,complete_graph,,,,"[30. 22. 13.  9.  7.  4.  1.  1.  0.  0.  0.  0.  0.  0.  0.  0.  0.  0.
  0.  0.  0.  0.  0.  0.  0.  0.  0.  0.  0.  0.  0.  0.  0.  0.  0.  0.
  0.  0.  0.  0.  0.  0.  0.  0.  0.  0.  0.  0.  0.  0.  0.  0.  0.  0.
  0.  0.  0.  0.  0.  0.  0.  0.  0.  0.  0.  0.  0.  0.  0.  0.  0.  0.
  0.  0.  0.  0.  0.  0.  0.  0.  0.  0.  0.  0.  0.  0.  0.  0.  0.  0.
  0.  0.  0.  0.  0.  0.  0.  0.  0.  0.]"
0,50,528,0.855695383743746,0.3640975925133463,0.8908133971875887,0.6925431301680846,0.7669025210316192,<class 'network.neighbourhood.NetworkByNeighborhood'>,,barabasi_albert_graph,5,,,"[296. 399. 470. 519. 528. 528. 528. 528. 528. 528. 528. 528. 528. 528.
 528. 528. 528. 528. 528. 528. 528. 528. 528. 528. 528. 528. 528. 528.
 528. 528. 528. 528. 528. 528. 528. 528. 528. 528. 528. 528. 528. 528.
 528. 528. 528. 528. 528. 528. 528. 528. 528. 528. 528. 528. 528. 528.
 528. 528. 528. 528. 528. 528. 528. 528. 528. 528. 528. 528. 528. 528.
 528. 528. 528. 528. 528. 528. 528. 528. 528. 528. 528. 528. 528. 528.
 528. 528. 528. 528. 528. 528. 528. 528. 528. 528. 528. 528. 528. 528.
 528. 528.]"
